product_title,1,2
1734-TOP Allen Bradley,14.99,
1734-IA4 Allen Bradley,130.39,
1734-OW4 Allen Bradley,299,
1734-IB4 Allen Bradley,990.05,
1734-IB8S Allen Bradley,1499,
1734-IR2 Allen Bradley,974.31,
1734-TBS Allen Bradley,,
1734-IB8S Allen Bradley,,
25B-D2P3N104 Allen Bradley,,
25B-D2P3N104 Allen Bradley,,
1734-TOP Allen-Bradley,,
25B-D4P0N104 Allen Bradley,,
1734-OB8 Allen Bradley,,
1769-IQ16 Allen Bradley,,
1734-OB8E Allen Bradley,,
25B-D6P0N104 Allen Bradley,,
1734-TB3 Allen Bradley,,
1756-IF16 Allen Bradley,,
2080-OF2 Allen-Bradley,,
1769-IQ16 Allen Bradley ,,
1734-IE4C Allen Bradley ,,
1734-AENT Allen Bradley,,
1734-FPD Allen Bradley ,,
1769-OW16 Allen Bradley,,
2080-LC50-24QBB Allen Bradley,,
1734-IR2 Allen Bradley,,
1734-OW4 Allen Bradley,,
2080-LC20-20QWB Allen Bradley,,
1734-AENTR Allen Bradley ,,
1734-IT2I Allen Bradley ,,
1734-IB4 Allen Bradley,,
1734-IE8C Allen Bradley,,
25B-D4P0N114 Allen Bradley,,
1734-AENTR Allen Bradley,,
1734-IB8 Allen Bradley ,,
1794-TB3 Allen Bradley ,,
1783-US8T Allen Bradley,,
2711P-T10C21D8S Allen Bradley ,,
5069-IB16 Allen Bradley ,,
5069-OF8 Allen Bradley ,,
20F11NC8P7JA0NNNNN Allen Bradley,,
1756-IF8 Allen Bradley,,
25B-D2P3N114 Allen Bradley,,
1769-IF4 Allen Bradley,,
1734-OE4C Allen Bradley,,
1756-OF8 Allen Bradley,,
5069-RTB18-SCREW Allen Bradley,,
1769-OB16 Allen Bradley,,
25B-D010N114 Allen Bradley,,
1734-OE4C Allen Bradley,,
1794-TB3 Allen Bradley,,
Siemens 6ES7193-6BP00-0BA0,,
25B-D1P4N104 Allen Bradley,,
1769-OB16 Allen Bradley,,
1746-OW16 Allen Bradley,,
1794-OW8 Allen Bradley,,
1734-IE2V Allen Bradley,,
25B-D010N104 Allen Bradley,,
2711P-T12W22D9P Allen Bradley,,
1769-HSC Allen Bradley,,
1734-OB4 Allen Bradley,,
1734-OE2V Allen Bradley,,
1769-IF4I Allen Bradley,,
1734-OB8S Allen Bradley,,
25B-D1P4N114 Allen Bradley,,
1769-L33ER Allen Bradley,,
2080-LC50-48QBB Allen Bradley,,
1734-IE4C Allen Bradley,,
1746-NI8 Allen Bradley,,
5069-OB16 Allen Bradley,,
1734-OB8S Allen Bradley,,
1769-OF8C Allen Bradley,,
2711P-T12W21D8S Allen Bradley,,
1762-IF4 Allen Bradley,,
1769-OF4 Allen Bradley,,
1766-L32BXB Allen Bradley,,
2711R-T7T Allen Bradley,,
1766-L32AWAA Allen Bradley,,
1794-IB16 Allen Bradley,,
1769-IF8 Allen Bradley,,
1606-XLE120E Allen Bradley,,
20F11NC011JA0NNNNN Allen Bradley,,
Mitsubishi HF-KE43BKW1-S100,,
1794-OA16 Allen Bradley,,
1783-BMS10CL Allen Bradley,,
22A-D2P3N104 Allen Bradley,,
1734-IB8 Allen Bradley,,
1794-OF4I Allen Bradley,,
1769-IF8 Allen Bradley,,
2711P-T12W21D8S Allen Bradley,,
1734-OB8E Allen Bradley,,
1756-OB16I Allen Bradley,,
25B-D017N104 Allen Bradley,,
1769-OW16 Allen Bradley,,
1766-L32AWA Allen Bradley,,
2080-IQ4 Allen Bradley,,
1734-OE2V Allen Bradley,,
1766-L32BXBA Allen Bradley,,
1762-OW16 Allen Bradley,,
1769-ECR Allen Bradley,,
1769-L30ER Allen Bradley,,
25B-D017N114 Allen Bradley,,
22B-D4P0N104 Allen Bradley,,
1762-OB16 Allen Bradley,,
1769-PB4 Allen Bradley,,
22A-D2P3N104 Allen Bradley,,
1734-EPAC Allen Bradley,,
1766-L32BWAA Allen Bradley,,
20-COMM-E Allen Bradley,,
20-HIM-A6 Allen Bradley,,
25B-D4P0N114 Allen Bradley,,
5069-L330ERMS2 Allen Bradley,,
2711P-T15C22D9P Allen Bradley,,
2711P-T9W21D8S Allen Bradley,,
1766-L32BWA Allen Bradley,,
1783-US5T Allen Bradley,,
2711P-T12W22D9P Allen Bradley,,
1783-ETAP Allen Bradley,,
2080-LC50-24QWB Allen Bradley,,
22F-D2P5N103 Allen Bradley,,
1769-OF4CI Allen Bradley,,
1762-L40AWAR Allen Bradley,,
1783-NATR Allen Bradley,,
1762-IQ16 Allen Bradley,,
1756-OF8H Allen Bradley,,
1769-PA2 Allen Bradley,,
1734-OE2C Allen Bradley,,
5069-L306ER Allen Bradley,,
1734-TB Allen-Bradley,,
1762-IQ8 Allen Bradley,,
5069-OB16F Allen Bradley,,
25B-D6P0N114 Allen Bradley,,
1746-NO4I Allen Bradley,,
1756-OF8H Allen Bradley,,
1762-IQ32T Allen Bradley,,
2711P-T7C22D9P Allen Bradley,,
22A-D6P0N104 Allen Bradley,,
1794-ASB Allen Bradley,,
1756-EN2T Allen Bradley,,
Siemens 6ES7136-6DB00-0CA0,,
5069-OW16 Allen Bradley,,
25B-B5P0N104 Allen Bradley,,
1766-MM1 Allen Bradley,,
1746-NIO4V Allen Bradley,,
1734-IE2C Allen Bradley,,
1734-IT2I Allen Bradley,,
1794-TB3T Allen Bradley,,
1756-OW16I Allen Bradley,,
25C-D2P3N104 Allen Bradley,,
1763-L16BBB Allen Bradley,,
1792D-8BVT8D Allen Bradley,,
1769-OF8C Allen Bradley,,
CJ1M-CPU23 Omron,,
1734-IV8 Allen Bradley,,
1606-XLS480E-3 Allen Bradley,,
1768-ENBT Allen Bradley,,
1756-L83E Allen Bradley,,
1769-IF16C Allen Bradley,,
1794-IF8IH Allen Bradley,,
22F-D8P7N103 Allen Bradley,,
1734-IA4 Allen Bradley,,
25B-D010N104 Allen Bradley,,
20-COMM-D Allen Bradley,,
Siemens 6ES7134-6GD01-0BA1,,
150-C3NBD Allen Bradley,,
1762-OB8 Allen Bradley,,
22A-D8P7N104 Allen Bradley,,
2080-LC30-16QWB Allen Bradley,,
Omron CP1H-XA40DR-A,,
1769-L16ER-BB1B Allen Bradley,,
1756-OA16I Allen Bradley,,
1734-OB8 Allen Bradley,,
1734-EP24DC Allen Bradley,,
25B-A4P8N104 Allen Bradley,,
1746-OA16 Allen Bradley,,
2094-BC02-M02-S Allen Bradley,,
1794-ADN Allen Bradley,,
22A-B4P5N104 Allen Bradley,,
1794-IE8 Allen Bradley,,
2711P-T10C22D9P Allen Bradley,,
HMIGTO2310 Schneider,,
25BD4P0N104 Allen Bradley,,
Siemens 6GK5216-0BA00-2AC2,,
5069-IB16 Allen Bradley,,
1732E-IB16M12R Allen Bradley,,
2905743 Phoenix,,
Mitsubishi Q62DAN,,
22A-D4P0N104 Allen Bradley,,
2711P-T10C21D8S Allen Bradley,,
1734-EP24DC Allen Bradley,,
1794-IR8 Allen Bradley,,
1606-XLS240E Allen Bradley,,
1769-L32E Allen Bradley,,
1769-PA4 Allen Bradley,,
1771-IAD Allen Bradley,,
22F-D8P7N103 Allen Bradley,,
Mitsubishi HF-KE43KW1-S100,,
Siemens 6ES7131-6BH01-0BA0,,
6ES7136-6BA00-0CA0 Siemens,,
1732E-16CFGM12P5QCR Allen Bradley,,
1769-AENTR Allen Bradley ,,
1408-EM3A-ENT Allen Bradley,,
1794-TBNF Allen Bradley,,
Siemens 6ES7132-6BH01-0BA0,,
1769-IQ32 Allen Bradley,,
 25C-D1P4N104 Allen Bradley ,,
TLY-A120T-HK62AA Allen Bradley,,
1788-EN2FFR Allen Bradley,,
22A-D4P0N104 Allen Bradley,,
2711R-T4T Allen Bradley,,
1761-L32AWA Allen Bradley,,
25B-D6P0N104 Allen Bradley ,,
6EP1336-2BA10 Siemens,,
100-K05ZJ10 Allen Bradley ,,
1794-AENTR Allen Bradley,,
1769-L18ERM-BB1B Allen Bradley,,
6SE6440-2AD24-0BA1 Siemens,,
1769-ECR Allen Bradley ,,
 22A-D8P7N104 Allen Bradley ,,
25B-D017N104 Allen Bradley,,
1763-L16DWD Allen Bradley,,
6200T-NA Allen Bradley,,
1794-OE8H Allen Bradley,,
1771-OAD Allen Bradley,,
G9SP-N20S Omron,,
1762-IT4 Allen Bradley ,,
1783-ETAP Allen Bradley ,,
1763-L16BWA Allen Bradley,,
1734-IK Allen Bradley,,
1756-RIO Allen Bradley,,
6SL3040-0JA01-0AA0 Siemens,,
1785-ENET Allen Bradley,,
1794-OE4 Allen Bradley,,
 2711P-T7C4D8 Allen Bradley ,,
20f11nd8p0aaonnnnn Allen Bradley ,,
2810887 Phoenix Contact - Signal conditioner - MCR-C-UI-UI-450-DCI,,
22B-D017N104 Allen Bradley ,,
1794-IB32 Allen Bradley,,
2711P-T7C21D8S Allen Bradley,,
1769-L16ER-BB1B Allen Bradley,,
1747-L541 Allen Bradley,,
5069-IF8 Allen Bradley,,
1756-IF16H Allen Bradley,,
25B-D013N104 Allen Bradley,,
CS1W-ETN11 Omron,,
HC-KFS13G1 Mitsubishi,,
6SL3544-0FB21-1FA0 Siemens,,
1794-OB16 Allen Bradley,,
6SL3040-0JA00-0AA0 Siemens,,
1769-L36ERM Allen Bradley ,,
1769-OW8 Allen Bradley,,
20F11ND5P0AA0NNNNN Allen Bradley,,
2080-LC20-20QBBR Allen Bradley,,
1746-NI4 Allen Bradley,,
22-HIM-C2S Allen Bradley,,
1756-IA16 Allen Bradley,,
1762-IF2OF2 Allen Bradley,,
1769-IQ32T Allen Bradley,,
1756-PA75 Allen Bradley,,
22C-D022N103 Allen Bradley,,
1756-L83ES Allen Bradley ,,
22A-B4P5N104 Allen Bradley,,
6ES7532-5HF00-0AB0 Siemens,,
1783-BMS10CA Allen Bradley,,
1769-OA16 Allen Bradley,,
1606-XLE480EP Allen Bradley,,
BMXCPS4002 Schneider,,
1768-PB3 Allen Bradley,,
22B-D2P3N104 Allen Bradley,,
2085-IF8 Allen Bradley,,
1783-US16T Allen Bradley,,
1762-OF4 Allen Bradley ,,
1791-8AR Allen Bradley,,
2711P-K7C4D8 Allen Bradley,,
1606-XLE120E Allen Bradley,,
1769-L30ER Allen Bradley ,,
1606-XLE240E-3 Allen Bradley,,
1794-IT8 Allen Bradley,,
1762-OB32T Allen Bradley,,
25B-D010N114 Allen Bradley ,,
6SL3120-1TE21-8AA4 Siemens,,
25B-A4P8N114 Allen Bradley ,,
5069-OW16 Allen Bradley,,
1794-TB2 Allen Bradley,,
5069-L320ER Allen Bradley,,
1766-L32AWAA Allen Bradley,,
1738-IE4CM12 Allen Bradley,,
1756-ENBT Allen Bradley,,
6ES7158-3AD10-0XA0 Siemens,,
1769-IA16 Allen Bradley,,
6ES7511-1AK02-0AB0 Siemens,,
20F1ANC140JA0NNNNN Allen Bradley ,,
25B-D024N114 Allen Bradley,,
1756-PA75 Allen Bradley ,,
1747-L551 Allen Bradley,,
Siemens 6ES7155-6AA01-0BN0,,
2711P-B6C3A Allen Bradley,,
1769-OF4 Allen Bradley ,,
1766-L32BXB Allen Bradley ,,
1766-L32BXBA Allen Bradley ,,
Schneider TM3AI8,,
Siemens 6ES7135-6HD00-0BA1,,
1769-IF16C Allen Bradley ,,
1771-WF Allen Bradley ,,
2700967 Phoenix Contact - Router - FL MGUARD DELTA TX/TX,,
5069-OB16 Allen Bradley,,
1771-IR Allen Bradley ,,
1756-A7 Allen Bradley ,,
6AV2124-0JC01-0AX0 Siemens,,
5069-OBV8S Allen Bradley ,,
22A-B012N104 Allen Bradley,,
22C-D105A103 Allen Bradley ,,
1756-IF16 Allen Bradley ,,
1769-IR6 Allen Bradley,,
1756-IRT8I - partial payment Allen Bradley ,,
Siemens 6ES7523-1BL00-0AA0,,
1756-L85E Allen Bradley ,,
2080-IF2 Allen Bradley,,
2198-P141 Allen Bradley ,,
1746-OW16 Allen Bradley,,
1761-L16BWA Allen Bradley,,
100-K09ZJ10 Allen Bradley ,,
9300-ENA Allen Bradley,,
5069-IA16 Allen Bradley,,
1769-L19ER-BB1B Allen Bradley,,
 25A-D2P3N104 Allen Bradley ,,
MR-J2S-350CP Mitsubishi,,
25B-A8P0N104 Allen Bradley,,
Siemens 6ES7231-5PF32-0XB0,,
Siemens 6GK5224-0BA00-2AC2,,
HS-MF23EX-S2 Mitsubishi,,
Siemens 6ES7155-6AU01-0CN0,,
1794-IE8XOE4 Allen Bradley,,
5069-OF4 Allen Bradley,,
2198-D032-ERS3 Allen Bradley ,,
6SE3121-0CC40 Siemens,,
1783-ZMS8TA Allen Bradley,,
1756-L71 Allen Bradley,,
25B-E012N104 Allen Bradley,,
20BD3P4A3AYYANC0 Allen Bradley ,,
1769-OF2 Allen Bradley,,
1756-OB8 Allen Bradley,,
25A-D4P0N104 Allen Bradley ,,
2701883 Phoenix Contact - Industrial Ethernet Switch - FL SWITCH 1708 M12 POE,,
Siemens 3LD25170TK11 - Used,,
1732E-IB16M12DR Allen Bradley,,
Siemens 6ES7158-3AD10-0XA0,,
1756-IA16I Allen Bradley,,
100-K12ZJ10 Allen Bradley ,,
1760-L12AWA Allen Bradley,,
Siemens 6SE6420-2AB17-5AA1,,
1794-IF4I Allen Bradley,,
6SL3210-1PE23-3AL0 Siemens,,
1768-CNB Allen Bradley,,
2320306 Phoenix Contact - UPS-BAT/VRLA/24DC/3.4AH,,
1794-IB16XOB16P Allen Bradley,,
2711P-T7C22D8S Allen Bradley,,
2198-D012-ERS3 Allen Bradley ,,
2866763 Phoenix Contact - Power Supply Unit,,
1756-L81ES Allen Bradley ,,
25A-D2P3N104 Allen Bradley,,
5069-L310ER Allen Bradley,,
1762-IF4 Allen Bradley,,
25B-D043N114 Allen Bradley,,
HMIST6400 Schneider,,
1756-PB75 Allen Bradley,,
1606-XLP72E Allen Bradley,,
150-F251NBDB Allen Bradley,,
6GK5744-1ST00-2AB6 Siemens,,
1769-OB32 Allen Bradley,,
25A-D6P0N104 Allen Bradley ,,
6ES7148-4FC00-0AB0 Siemens,,
1606-XLP100E-2 Allen Bradley,,
1783-BMS10CGA Allen Bradley,,
2198-D020-ERS3 Allen Bradley ,,
CJ1W-EIP21 Omron,,
1769-L33ER Allen Bradley ,,
1756-IB16 Allen Bradley ,,
2198-H015-ERS Allen Bradley ,,
20AB4P2A0AYNNNC0 Allen Bradley,,
1794-IF2XOF2I Allen Bradley,,
2711P-K6M5A8 Allen Bradley ,,
1769-OB16K Allen Bradley,,
6ES7541-1AB00-0AB0 Siemens,,
1746-IG16 Allen Bradley,,
25-ENC-1 Allen-Bradley,,
1756-DHRIO Allen Bradley,,
5069-L320ERM Allen Bradley,,
22B-A8P0N104 Allen Bradley,,
1769-IF4XOF2 Allen Bradley,,
Phoenix 2866226,,
2711P-T12W22D8S Allen Bradley,,
2711P-T6C20D8 Allen Bradley ,,
Siemens 6ES7315-2EH14-0AB0,,
150-F361NBD Allen-Bradley,,
1747-L553 Allen Bradley,,
Schneider XPSAK311144P,,
6SE6440-2UD24-0BA1 Siemens,,
1794-OA16 Allen Bradley,,
22A-A2P3N104 Allen Bradley,,
22F-D4P2N103 Allen Bradley,,
1783-HMS8TG4CGR Allen Bradley,,
CP1L-EM40DR-D Omron ,,
25B-D017N114 Allen Bradley ,,
6SL3210-5FE10-8UA0 Siemens ,,
2080-SERIALISOL Allen Bradley,,
1762-OW8 Allen Bradley,,
1756-PA72 Allen Bradley,,
 1763-L16BWA Allen Bradley,,
1756-OB16IS Allen Bradley,,
1794-OE4 Allen Bradley,,
 1769-IQ32 Allen Bradley,,
 2198-H040-ERS Allen Bradley,,
 1734-TBCJC Allen Bradley,,
 1763-MM1 Allen Bradley,,
Order #2439 - differential cost of changing from 25B-D4P0N104 to 25B-D6P0N104,,
1756-A7 Allen Bradley,,
2711P-T9W22D9P Allen Bradley ,,
1756-L8SP Allen Bradley,,
1746-OB32 Allen Bradley,,
XPSMCMRO0004 Schneider Electric,,
6ES7541-1AD00-0AB0 Siemens,,
Overnight shipping for Order #2525,,
 22A-B8P0N104 Allen Bradley,,
1756-CN2R Allen Bradley,,
1783-ETAP1F Allen Bradley,,
Omron CJ1W-ID211,,
6AV2124-0GC01-0AX0 Siemens,,
2198-ABQE Allen Bradley,,
20F11RD011AA0NNNNN Allen Bradley,,
25B-D030N114 Allen Bradley,,
CJ1M-CPU22 Omron,,
20G11ND022JA0NNNNN Allen Bradley,,
6GK5788-1ST00-2AB6 Siemens,,
A16B-3200-0330 GE Fanuc,,
FedEx 2 day shipping for Order #2470,,
1756-L81E Allen Bradley,,
ATV312HU55N4 Schneider,,
25B-D024N104 Allen Bradley,,
 2080-PS120-240VAC Allen Bradley,,
HMIDT351 Schneider Electric,,
22F-D018N104 Allen Bradley ,,
 5069-L310ER Allen Bradley,,
 1756-OB16I Allen Bradley,,
6SL3120-2TE21-0AA3 Siemens,,
6SL3210-1SE17-7UA0 Siemens,,
1606-XLB240E Allen-Bradley,,
 1769SC-IF4IH Allen Bradley,,
MR-J2S-100A Mitsubishi,,
20G11ND011AA0NNNNN Allen Bradley,,
5094-AENTR Allen Bradley,,
6SL3120-2TE13-0AA3 Siemens,,
 2198-H025-ERS Allen Bradley,,
1756-L83ES Allen Bradley,,
6ES7953-8LM31-0AA0 Siemens ,,
2866750 Phoenix Contact - QUINT-PS/1AC/24DC/ 5 Power Supply Unit,,
22A-B8P0N104 Allen Bradley,,
1756-OA16 Allen Bradley,,
6SE6440-2AB12-5AA1 Siemens,,
1756-OB32 Allen Bradley,,
MR-J3-60A Mitsubishi,,
6AV2124-0QC02-0AX1 Siemens ,,
 1769-IF4 Allen Bradley,,
1756-IR12 Allen Bradley,,
2080-REMLCD Allen Bradley,,
1762-OF4 Allen Bradley,,
22A-D1P4N104 Allen Bradley,,
1756-OF8 Allen Bradley ,,
CJ1W-AD041-V1 Omron,,
1792D-8BVT8D Allen Bradley,,
6EP1434-2BA10 Siemens ,,
 1769-OF4CI Allen Bradley,,
2090-CPBM7DF-10AA40 Allen Bradley,,
6ES7511-1AK02-0AB0 Siemens ,,
6189-RPRH Allen Bradley,,
MR-J2S-350A Mitsubishi,,
1771-OW16 Allen Bradley,,
Schneider tsxdsz32r5,,
MR-J2S-70CP Mitsubishi,,
6EP3437-8SB00-0AY0 Siemens,,
2094-AMP5-S Allen Bradley,,
25B-D013N114 Allen Bradley,,
1769-L30ERMS Allen Bradley,,
1769-L33ERMS Allen Bradley,,
1738-IE2VM12 Allen Bradley,,
HMIGTO4310 Schneider,,
5069-IY4 Allen Bradley,,
7KM4212-0BA00-3AA0 Siemens,,
6AV2123-2DB03-0AX0 Siemens,,
FedEx Priority Overnight for Order #3026,,
2090-CFBM7DD-CEAF60 Allen Bradley,,
1783-BMS10CGN Allen Bradley,,
1732ES-IB8XOBV4 Allen Bradley,,
 1783-HMS8TG4CGN Allen Bradley,,
1756-EN2TR Allen Bradley,,
1747-L532 Allen Bradley,,
20BD014A0AYNANC0 Allen Bradley,,
25B-B8P0N104 Allen Bradley,,
2094-BM05-S Allen Bradley,,
Siemens 6GK7543-1AX00-0XE0,,
ATV31HD15N4 Schneider,,
6AU1425-2AD00-0AA0 Siemens,,
20-HIM-B1 Allen-Bradley,,
2297057 Phoenix Contact - Hybrid motor starter - ELR W3- 24DC/500AC- 9I,,
Overnight shipping for order #2400,,
Overnight shipping cost for Order #2397,,
CJ1W-NC482 Omron,,
5069-L350ERM Allen Bradley ,,
HF-SP102K Mitsubishi,,
22A-B2P3N104 Allen Bradley ,,
1770-KFD Allen Bradley,,
100-DNY42R Allen Bradley,,
 2198-D057-ERS3 Allen Bradley,,
1756-IT6I2 Allen Bradley,,
" 1747-L553 - Series C, Rev C Allen Bradley",,
1769-OF8C Allen Bradley,,
9300-USBS Allen Bradley,,
1769-OF4VI Allen Bradley,,
1769-IF4FXOF2F Allen Bradley,,
1732E-IB8M8SOER Allen Bradley,,
1794-OB32P Allen Bradley,,
 25C-D6P0N104 Allen Bradley,,
2080-LC50-48QWB Allen Bradley,,
25B-D030N104 Allen Bradley,,
6AV2124-0MC01-0AX0 Siemens,,
6EP1931-2FC21 Siemens,,
6SL3244-0BA10-0BA0 Siemens,,
2711P-B7C22D9P Allen Bradley,,
2090-UXNFBMP-S15 Allen Bradley,,
6SE6420-2AD25-5CA1 Siemens,,
25B-B062N104 Allen Bradley,,
A06B-6114-H106 GE Fanuc,,
6AV2-124-0GC01-0AX0 Siemens,,
2711P-T12C4D8 Allen Bradley,,
 3RK7137-6SA00-0BC1 Siemens,,
A06B-6136-H201 GE Fanuc,,
ATV320U75S6C Schneider,,
1606-XLB120E Allen-Bradley,,
6EP1336-2BA10 Siemens,,
 2198-D006-ERS3 Allen Bradley,,
2866381 Phoenix Contact - TRIO-PS/1AC/24DC/20,,
22B-D6P0C104 - Used Allen Bradley ,,
22A-D1P4N104 Allen Bradley ,,
22B-D010N104 Allen Bradley,,
1747-L552 Allen Bradley,,
 6EP1336-2BA10 Siemens,,
6176M-19VT Allen Bradley,,
1769-L36ERM Allen Bradley,,
BMXP342020 Schneider,,
25A-D6P0N104 Allen Bradley,,
HC-KFS73K Mitsubishi,,
22F-D013N104 Allen Bradley,,
150-C9NBR Allen Bradley,,
 6AV2124-0QC02-0AX0 Siemens,,
1761-L16AWA Allen Bradley,,
1762-L24AWA Allen Bradley,,
1783-BMS06TGA Allen Bradley,,
Schneider XMLG010D21,,
 150-C85NBR Allen Bradley ,,
6GK7443-1EX20-0XE0 Siemens,,
6AV6-644-0AA01-2AX0 Siemens,,
 1XP8001-1 Siemens,,
 1408-TS3A-ENT Allen Bradley,,
6SL3210-1PE22-7UL0 Siemens,,
20G1ANC367JN0NNNNN Allen-Bradley,,
CJ2M-CPU33 Omron,,
2090-CPBM7DF-16AF25 Allen Bradley,,
1794-AENT Allen Bradley,,
1764-LRP Allen Bradley,,
VPL-A0633C-PJ14AA Allen Bradley,,
20F11ND077AA0NNNNN Allen Bradley,,
6ES7231-5PF32-0XB0 Siemens,,
2711P-T15C21D8S Allen Bradley,,
6ES7155-6AA01-0BN0 Siemens,,
Schneider TM3AQ4,,
1769-PA4 Allen Bradley,,
1764-24BWA Allen Bradley,,
CP1L-EM30DR-D Omron,,
 1769-L18ER-BB1B Allen Bradley,,
2080-LC30-24QWB Allen Bradley,,
1769-ASCII Allen Bradley,,
1756-EN2F Allen Bradley,,
5069-AENTR Allen Bradley,,
 20F11ND040AA0NNNNN Allen Bradley,,
VPF-B0753E-PJ12AF Allen Bradley,,
6AU1425-2AD00-0AA0 Siemens,,
6GK5004-1GM10-1AB2 Siemens,,
1769SC-IF4IH Allen Bradley,,
1747-L542 Allen Bradley,,
25B-B024N104 Allen Bradley,,
2198-P031 Allen Bradley,,
2711P-T6C21D8S Allen Bradley,,
25-COMM-E2P Allen Bradley,,
25A-D4P0N104 Allen Bradley,,
6AV6642-0BA01-1AX1 Siemens,,
Siemens,,
HS-MF23-S2A Mitsubishi,,
1756-CMS1B1 Allen Bradley,,
HMIGTO6315 Schneider,,
1746-IA16 Allen Bradley,,
440K-C21074 Allen Bradley ,,
Siemens 3RK1207-1BQ44-0AA3 - Used,,